{
    "problemMatcher": [
        {
            "owner": "actionlint",
            "pattern": [
                {
                    "regexp": "^(?:\\x1b\\[\\d+m)?(.+?)(?:\\x1b\\[\\d+m)*:(?:\\x1b\\[\\d+m)*(\\d+)(?:\\x1b\\[\\d+m)*:(?:\\x1b\\[\\d+m)*(\\d+)(?:\\x1b\\[\\d+m)*: (?:\\x1b\\[\\d+m)*(.+?)(?:\\x1b\\[\\d+m)* \\[(.+?)\\]$",
                    "file": 1,
                    "line": 2,
                    "column": 3,
                    "message": 4,
                    "code": 5
                }
            ]
        }
    ]
}