{
  "$schema": "https://docs.renovatebot.com/renovate-schema.json",
  "extends": [
    "local>pleo-io/renovate-config"
  ],
  "github-actions": {
    "fileMatch": "^(templates/\\.github\\/workflows)\\/[^/]+\\.ya?ml$"
  },
  "regexManagers": [
    {
      "fileMatch": [
        "^(templates/\\.github\\/workflows)\\/[^/]+\\.ya?ml$",
        "^(\\.github\\/workflows)\\/[^/]+\\.ya?ml$"
      ],
      "datasourceTemplate": "github-releases",
      "matchStrings": [
        "https://github.com/(?<depName>.*?)/releases/download/(?<currentValue>v.*?)/",
        "key: dependency--(?<depName>.*?)-(?<currentValue>v.*?)"
      ]
    }
  ]
}
